"MEDIA TREND REPORT","","","Geography :: Worldwide","","","","","","My Metrix"
"123HELPME.COM,17U.COM,5156EDU.COM,5BALLOV.RU,Abach...","","","Location :: All Locations","","","","","","(c)2010 comScore, Inc"
"","","","Time Period :: October 2008 - December 2009","","","","","",""
"","","","Target :: Total Audience","","","","","",""
"","","","Media :: 123HELPME.COM,17U.COM,5156EDU.COM,5BALLOV.RU,Abach...","","","","","",""
"","","","Measures :: Total Unique Visitors (000)","","","","","",""
"","","","Date :: 1/22/2010","","","","","",""

"","","","Oct-2008","Nov-2008","Dec-2008","Jan-2009","Feb-2009","Mar-2009","Apr-2009","May-2009","Jun-2009","Jul-2009","Aug-2009","Sep-2009","Oct-2009","Nov-2009","Dec-2009",
"","","    Total Internet : Total Audience ","984395.826294133","996304.186347561","1007729.81860618","1020582.44278524","1078911.08635968","1092598.40882481","1108030.9458575","1122330.92527274","1135655.52350335","1151380.73736206","1165193.68774526","1179318.23663022","1190150.95988819","1206050.98497758","1222236.54778436",
"1","[P]","    Wikimedia Foundation Sites","277207.6531177","280969.054817848","272998.17604537","289810.731922668","300751.439527477","327147.670937931","320042.850437752","317254.958053379","302939.582719941","295484.361601212","307641.427749709","325998.219950234","344563.337769953","345805.151567511","347019.745760992",
"2","[C]","    Yahoo! Answers","153957.326254305","143924.968775084","144740.605675364","155701.600665651","163463.781268074","177858.923299656","178535.213223408","170319.479835632","165595.040619215","173001.931942399","178754.085869164","187717.901681405","201783.617039102","200545.740478351","183770.273979594",
"3","[C]","    Baidu Answers","74096.8411001352","68363.3130950151","71500.0616546653","64326.8192022997","71847.878543027","69060.2578087727","70579.5937883984","78629.8938364447","81645.9882749485","87325.9224937522","93623.9522037343","93423.7694997918","99691.1258236276","95874.393133604","89559.957874814",
"4","[P]","    Answers.com Sites","41814.0304665995","41544.9676738134","39696.276425611","44958.2529407353","45702.89910544","50175.9574503074","51780.064702013","52659.8064337434","48260.522201512","51578.5114684381","65929.9966174698","83059.3531598042","84120.1609421886","75959.034066501","67704.774489609",
"5","[C]","    Baidu Encyclopedia","34696.6117837892","33596.9378989386","38908.7283911548","35407.2892794759","42677.4137138667","42870.7389045016","41206.67559807","36967.4445949556","40775.2507595127","43666.2837496425","48364.9334187574","48965.8774776858","53582.0347647159","52284.387324905","48173.007853519",
"6","[M]","    DICTIONARY.COM","21376.6121166247","19899.3324142964","19724.3355706576","21782.9540643259","20438.5733437889","21605.7576638138","21024.0523351237","20617.8640773594","17784.0013828723","17370.9430508897","18171.560448178","37570.0819364923","32704.8215882679","33050.560149645","28966.962919101",
"7","[M]","    THEFREEDICTIONARY.COM","14755.5421253688","15677.6319740436","14768.4920059214","17368.0733203931","18656.4013891952","21479.7028355681","23172.392449516","22202.1375657998","20303.4411641243","20107.9421547589","19825.4609592645","21200.2801122474","23117.3256738351","24891.344188703","23203.881114161",
"8","[P]","    Wikia Sites","N/A","N/A","N/A","N/A","11981.037739999","12347.7406227875","14134.7380452458","14273.5515742179","14200.4786825061","16456.9731557606","16963.051902093","16438.1903829281","17902.2577826427","18311.772993761","20524.764216772",
"9","[P]","    Encyclopaedia Britannica","15037.9810959751","13467.7919037741","13170.1674155708","14749.9367714027","15004.5678322341","17056.3481043017","15949.5826497217","15459.6085189579","12371.360059283","12780.1883926322","13062.1395958137","21360.2434833786","24751.2383561815","22648.718731347","19998.014420276",
"10","[C]","    SINA iAsk","24318.0154733401","22249.5306479467","22628.0751526707","20109.7986448063","24585.5256794557","20548.9362617341","15034.6737747104","13144.3212541323","17548.9910533211","20290.4810148015","21700.3043094138","21319.7876927563","23851.0724240344","21572.284838653","19238.446022705",
"11","[P]","    ASSOCIATEDCONTENT.COM","10947.4422621081","9968.84176969679","10586.9749903656","11084.6235979655","10611.2108624665","11603.0185926893","11864.749806329","13164.1589285881","11605.5792323349","11889.4774097172","11992.9231446992","11788.4256568267","13534.4399182283","13876.002315446","17961.466783085",
"12","[C]","    Goo Teaching","9634.7047396923","9961.3914648025","10495.0682063934","12828.4199377667","11327.1578764527","13450.3825567584","13204.2265802331","14350.8574088732","13939.3801392842","15564.973514527","15922.4359807972","17017.2640170428","16762.9511222581","17008.145168713","16270.135903432",
"13","[M]","    ICIBA.COM","7085.4503381535","7571.1414929846","6888.7699784706","5214.1430391498","6521.27823419778","6930.36692279296","7708.28038207858","6562.76818861728","9414.1486048699","10879.8009284005","8111.4484434153","11779.0930165109","12418.6693803984","12676.785547035","15880.657632786",
"14","[C]","    Naver.com Knowledge IN","14785.3816080246","14268.8597998184","15293.973235913","14945.4842563991","16208.2944547886","16162.1133321906","16545.7175552121","14900.0785824393","14387.6727585636","14954.2453026613","15265.5735871036","15187.3097748924","15340.2791252714","16095.28601954","15140.073429669",
"15","[M]","    HOWSTUFFWORKS.COM*","8249.041273685","7298.8100945313","7971.8840607578","9182.0103661257","8702.76639044687","10149.371436732","9895.11628434777","9732.3926716833","7900.9431077639","8662.13864303316","8779.64725817528","10233.046497043","9862.78189415566","13878.692185165","13463.289690268",
"16","[P]","    WORDREFERENCE.COM","9152.4160023836","8716.0526822882","7912.2436485717","8588.4035041183","9805.49419528719","11147.683410168","10821.9773335149","11389.3358489931","10267.7468749312","9311.7944688916","9947.04741008283","12456.3237350953","13098.5290758521","12880.201326753","11309.254500343",
"17","[C]","    Yahoo! Dictionary","9677.8394534992","10350.7111080731","10036.5240839162","11054.524280789","10343.3123498623","10889.8232756548","11155.2137214334","11244.6040319738","10676.075657978","10749.5026271085","9562.80605282524","10610.2929308689","10935.4361644824","10787.655262326","10292.349845674",
"18","[P]","    URBANDICTIONARY.COM","5941.1827516819","5430.8802075649","6100.4398181529","6322.7686516827","6514.77762199109","7471.93304574436","7980.40404864756","7453.57879231342","7066.3269612954","8056.32501458304","8198.77957341835","7933.47208579908","8598.40986929761","8962.223853885","9421.157650873",
"19","[C]","    ANSWERBAG.COM*","N/A","6440.0718983589","5853.36744925","6909.8982639308","6336.97827260638","6883.61553245724","6570.00190615635","6853.65054294494","5659.7764440226","6208.94932974116","6074.59429660467","6187.77622593656","7998.60802844068","8034.176708008","8990.68778186",
"20","[M]","    Demand Media Network","26152.9092033062","5641.5920411347","5543.6137544841","6039.6713100045","5923.36567698839","6468.36177039244","6573.43393630598","6047.16410477974","5455.0741621141","5632.42786961836","5714.46537938231","6202.02631232618","9100.94912242772","8684.07774723","8762.361286975",
"21","[M]","    THESAURUS.COM","5415.6808080227","4589.1010778014","4416.1265062875","5133.9224726334","4813.36014753052","5349.6684391646","5004.13110615865","4497.83701794732","3915.3157446783","3669.57839948172","4206.96262009368","10237.0469407816","9547.75724342927","10299.235597288","8491.347889058",
"22","[P]","    ArticlesBase.com Sites","2493.2254025604","2606.2013410273","2874.0727272216","4434.2424954718","4506.02644658487","4970.4348269676","4790.25471344221","4222.88103266906","4738.91893261735","6311.13543645944","6441.13347579498","6893.32982470714","8221.86633242971","8446.657413983","8145.005330188",
"23","[P]","    SPRINGERLINK.COM","6329.5670783063","6139.657901877","5177.3944958693","5500.4535467731","5794.10449045796","7230.55763361428","6785.3513622307","6095.6496672575","4996.1146417259","4918.56486182196","5375.63950724067","6210.311848956","7515.63660810593","7959.470834285","7786.184083944",
"24","[M]","    REVERSO.NET*","8028.7244336149","7598.7414600948","6848.8164126703","7791.1575208048","8712.3880119217","10080.2750205835","9606.52956754272","11007.1119897895","10333.7047290361","9470.09707995616","9854.36052752301","12291.94571085","12047.9097375149","11166.951112838","7758.333256537",
"25","[C]","    Mail.Ru - Answers","3571.1709980862","3709.3611397307","4358.5958319546","4644.3325374489","3865.26464474337","4306.47297064668","4307.84388564972","3859.41986079066","3892.03758179605","4708.82958945436","5950.79547811143","5903.62601774846","6192.93883879669","6506.537257988","7043.53685509",
"26","[P]","    ARCHIVE.ORG","3896.6946026982","4010.8817193924","4158.1736535277","4597.1880338018","4757.42305151407","5753.03252362832","5680.96197641921","5358.5776306987","5385.97536690885","5742.62060099988","6038.50494631847","6395.80467607366","7322.32810326042","7047.995490899","6962.132955347",
"27","[C]","    Naver.com Dictionary","6287.4402361957","5683.514563651","6071.4783229134","5883.8989781793","6580.50802579493","6820.31672926","7029.95903050421","6168.00425589864","6412.60807719085","5570.02406916484","5796.90745977462","6378.12818170112","6615.56556606707","7192.137080346","6590.112066001",
"28","[P]","    WISEGEEK.COM","3339.8422094905","3141.1056026901","2950.5854525126","4031.7667842628","3995.23646099769","4298.32855464664","4024.96957394865","4279.96540805056","3737.7231887661","4171.62416390664","4541.09739202546","5331.20736704338","6168.77650268293","6099.311073163","5895.572068702",
"29","[M]","    WER-WEISS-WAS.DE","3778.6312503846","4440.4986332567","4298.5783793751","5120.1330677664","4729.20127524839","5407.66717209304","5002.10413169186","5287.24621907538","4579.5673990257","5058.01017191616","5243.91767965406","5872.3293972577","5910.29060408195","6300.639792042","5867.427940636",
"30","[P]","    THINKEXIST.COM","2982.6466261305","2914.1879035554","2958.0390187864","3043.9094257956","3742.58264833463","3814.6993159892","3958.86124031995","3936.28192479152","3862.64936254225","3894.81155358292","4598.83021182353","4514.37092861","5113.37696429976","4913.97420248","5725.203433693",
"31","[P]","    FUTURA-SCIENCES.COM","3192.0481096275","3073.1470371228","2628.7659993118","3594.953970581","3830.46571337824","4521.60576372324","4383.86873947972","4045.76015129704","3618.0479580034","3323.11785505316","3271.08221963243","4371.72890388108","4863.29012723547","5015.316846058","4530.45905214",
"32","[M]","    INSTRUCTABLES.COM","2500.7752823526","2390.8813257883","2497.9110480481","2655.4968904537","2817.10906626733","3126.74961850296","3249.80366341463","3270.44195470338","3101.9339258074","3117.38979437076","3123.16854292533","3224.17279074464","3942.66125658076","3940.870548052","4514.572217851",
"33","[P]","    WAPEDIA.MOBI","1100.8024127265","1487.5689388953","1500.1079542547","1665.5811491162","1695.55423558922","3444.38793776412","3656.38805817216","3752.3240398765","2902.38546972295","2304.26390512472","3242.65161248945","4741.72386889032","5463.00311065993","4833.217729229","4257.817009028",
"34","[P]","    SOURTIMES.ORG","2677.7778165657","2918.7016386106","2600.356357504","2700.8655877447","3594.57386895519","4261.87337802696","4015.79633903879","3821.1905841894","3533.36898721385","3582.9161205788","3791.22617430295","3641.79719469528","4093.34761638417","3712.876554794","4130.909926151",
"35","[P]","    BrainyMedia Sites","2304.8451310561","2138.996164912","2171.4594508406","2791.2279532049","2641.24840196156","2808.74829172896","2843.95860277758","2647.25037184874","2329.7318536776","2845.62633588384","2958.15503380364","3441.85298621858","3617.04244458468","3592.81794453","3878.136465125",
"36","[P]","    LEXILOGOS.COM","2882.1459849325","2593.6326586777","2574.4498841448","3137.1898628539","3458.25595454793","3749.87612234928","3716.49671881635","3333.54618810646","2763.4756743822","2815.09829142808","2929.62325953672","3520.88357965858","3830.70740322412","3539.303809779","3624.054061955",
"37","[P]","    BIBLEGATEWAY.COM","2973.5424364075","2914.1659176938","2692.4726476287","3199.1515412968","2951.96557346137","3562.22202575672","3562.10029334","3053.90119458566","2744.4677647189","2825.13163274912","2978.62547114082","3391.98749244852","3667.5880571178","3710.705468394","3563.277734073",
"38","[P]","    ANTOLOJI.COM","2729.7437000607","2817.7207067855","2152.3866207694","2218.7346924856","3015.46203014278","3370.69895264468","2852.64423416642","2413.09327091238","1905.00789556235","2014.28554294292","2179.88002773432","2305.2288228152","2986.55145139704","2977.18434263","3524.975838299",
"39","[P]","    WEBLIO.JP","1707.307127135","1675.9077600856","1295.3909933585","1883.3643893208","1984.38803691516","1964.52015022184","2440.90936346672","3299.55904499744","3721.78098551475","3740.21524938056","3551.29439270814","3026.29849188928","3265.47614981699","3330.207679854","3359.112140212",
"40","[C]","    Yandex Dictionary","1878.9169619679","1830.6605499095","2397.043214681","2430.3387488273","2057.51808450643","1993.7612519714","2092.02442616751","2041.36642269468","1793.29748847875","1496.83058995224","1801.54495429528","2540.76801352952","2815.50284764536","3200.288643433","3330.445671448",
"41","[C]","    SCIENCEDIRECT.COM","2368.2813533634","2707.0758287048","1861.0424677068","2092.5001551407","2323.79891082701","3044.72266410952","2609.25769794207","2251.97964751742","1880.1441109542","2224.6348705814","2031.48095581891","2430.25334977206","3095.59331934457","3541.467409119","3296.851396646",
"42","[P]","    ITUSOZLUK.COM","1958.291861517","1958.9314302703","1994.9866495596","2050.7068542874","2715.11805808002","2785.203386924","2652.02469206521","2453.8120421665","2237.0698990821","2643.7346598716","2526.54030662584","2376.25176726814","2075.00848770495","2346.451421061","3178.925442397",
"43","[C]","    INFOPLEASE.COM (w/ history)","3594.0339093531","3265.9308266623","2845.5207908809","4045.0901427142","3581.83719498896","3488.6368225152","3080.11106656605","3345.10671105024","1947.89715265365","1641.94165436464","1984.46430165401","2979.79642653458","2898.73574286319","2981.279068455","2948.925739224",
"44","[P]","    DICT.CC","2154.8402599803","2441.7336063441","2578.6440691174","2685.1160151663","2424.41850786589","2939.00576802132","2380.53771578993","2349.76821305958","2182.03623436265","2404.8368175716","2608.92131310689","2824.43298617018","2671.21529594324","2986.961103588","2938.371220096",
"45","[P]","    TRANSLATE.RU","1667.9507812261","1578.2846097363","1718.8245425608","2010.69479682","1981.235236961","2043.79933236716","2066.51130858272","2024.45748587508","2057.564478059","2051.45229733072","2390.38562997412","2828.55503748216","2862.28143788236","3049.515746797","2873.690000325",
"46","[P]","    TURKCEBILGI.COM","2070.9018274449","2052.4672656929","2030.1443208842","1907.2279381954","2704.94704135457","3012.93875892932","2795.60339613193","2315.51704938054","1856.12489736545","1633.19298631756","1670.77025913904","1773.18736712598","2522.19167490318","2226.959273085","2839.931097522",
"47","[P]","    NORTHPOLE.COM","3612.656453504","4128.4725398284","4595.8527757102","568.7041747495","343.69777965665","276.13925463888","254.36449229421","231.97642718372","143.6850088711","235.77736219796","188.33754916789","248.77455478564","493.71114700162","1838.586141012","2800.190045272",
"48","[P]","    17U.COM","2312.712044079","2464.6829011405","2178.8287838284","2826.1827401641","2944.29366126775","3282.80173585576","1884.402910804","2199.8890589036","2247.69803344995","3439.19708825712","3758.47488243779","5027.34496802364","4492.40601354362","3134.937371939","2792.521083322",
"49","[C]","    Livedoor - Wiki","1714.6975782035","1591.9677103432","1413.1148777692","1526.8836802619","1365.71196244631","1553.54220818556","1353.72325225823","1644.32779507866","1691.1718867848","2372.22890198832","2467.92664125432","2652.66910417764","2374.18303847284","2894.723177983","2580.213981971",
"50","[M]","    ENOTES.COM","1770.6535011056","1934.657108537","1509.4600332028","1816.5820717132","1783.73572238256","2243.98611801016","1946.29488495993","2156.0493247028","1305.1922345967","914.9628071192","1302.09230914169","2001.69828516948","2549.93306939934","2654.865659773","2397.283061565",
"51","[P]","    TRADUCEGRATIS.COM","1528.1131420365","1712.1433091235","2034.3635321509","1884.93683776","1818.64857987539","2178.5670915042","2650.206138045","2414.4632999183","2053.93788873835","2342.70640496776","2544.3179208101","2601.4570081512","2724.25841189613","2554.864529107","2354.791981994",
"52","[P]","    CONSUMERREPORTS.ORG","2070.8630145143","2585.7633358589","2808.0516729294","2448.9989992949","2168.43338482126","2049.98507046996","2206.40419897658","1984.25000728746","1741.36054796635","1792.05664882492","2106.67280793711","1760.0585736582","1973.60530967469","2525.106473014","2328.059114868",
"53","[M]","    REFERENCE.COM","3944.3198038486","3417.5771984112","2839.0152883134","3450.8030474473","3345.88412461867","3085.92891017492","2984.6029637023","2577.62344222066","2531.3591872185","2257.1833237186","2568.30752240705","4323.08115170364","3099.6631178943","3996.253548344","2243.669446168",
"54","[P]","    VDICT.COM","1228.954621434","1467.5239744962","1804.5638271836","1785.893319472","2246.19397219695","2195.05430100704","2475.48558797386","2243.06281230318","1986.9247931742","1883.93612824988","2115.28475259205","2082.91804091098","2316.48993998004","2267.951080195","2130.316487014",
"55","[M]","    SPANISHDICT.COM (w/ history)","1430.3338376671","1348.4814338114","1241.7772442708","1464.0851826797","1435.73115161885","1660.72733939096","1635.66665567986","1574.73737160744","1290.90169228025","1144.36597755588","1331.56672576049","2186.16421456822","2040.09699070124","2014.208791549","2101.314162744",
"56","[P]","    QUESTIA.COM","2217.0208513287","2296.0765543247","1359.8782998955","1640.2001533667","1939.13717346925","2178.2810953796","1982.86336004365","2050.98098842864","1591.34445251355","1516.8436866052","1507.66381942912","2055.12334290118","2415.5601135925","2547.092181922","2069.279836687",
"57","[C]","    ALLEXPERTS.COM","1917.4162813824","1635.7975224068","1952.1902852031","2087.1320132587","1782.47490157206","2054.19746780376","1880.04556657549","2149.40473637264","1882.32011723","2171.532919091","2312.20544691484","2116.24905425168","2085.77288564882","2052.474749727","2026.218018028",
"58","[P]","    POEMHUNTER.COM","1697.743844689","1682.1316521657","1987.9740011708","1848.827149052","2214.98441574961","1983.70039733612","2226.00705689016","2176.4135329984","1796.16358325805","1622.46681072336","1541.06568269022","1752.57924371092","1945.78991685599","2154.124256697","2017.812004315",
"59","[P]","    ASKMEHELPDESK.COM","1578.383161102","1414.9817094504","1506.9391604356","1703.122317158","1663.95729682055","1717.4685958244","1872.32022455449","1939.88819536228","1779.56926904705","1803.60393373996","1794.86437921852","1731.4062667226","2060.62028381983","2088.223655353","1944.13419989",
"60","[P]","    HOWTODOTHINGS.COM","876.2466998142","904.1351201386","891.3416975676","1166.4288253033","1146.72044420824","1343.11157508492","1514.45687871335","1855.19514817002","1839.54125943755","2001.27796479744","2133.60485229146","1635.66114544134","1590.30240284857","1728.476103869","1819.043299345",
"61","[P]","    INFORMAWORLD.COM","1335.5866026386","1619.3481280396","1204.9626451892","1051.3857367614","1174.64409228182","1088.47519507368","1014.53532802742","1301.85258088948","1203.7286717319","1382.34482912544","1309.55755447335","1238.8704150526","1152.98362563982","1164.461979382","1687.881212283",
"62","[P]","    WOXIKON.DE","1263.1980587248","1250.9579708084","1220.9820117733","1331.22359057","1281.25140891102","1412.37906768616","1138.80487000863","1075.73050120464","1082.40814288565","1182.53792028904","1163.79988904209","1278.27490251682","1399.23870538939","1708.514006586","1655.901600758",
"63","[P]","    ONLINECONVERSION.COM","1222.1494440067","1020.5290833984","1239.8992594853","1376.5895648081","1300.43504147991","1410.67438167188","1376.84252685786","1385.43574736582","1225.9108070863","1376.50911003448","1328.03409247583","1737.42736993196","1516.4261526619","1659.258579356","1652.510248209",
"64","[P]","    5156EDU.COM","N/A","1680.3770285163","1253.4471674727","794.8253459294","1203.60050853343","1577.193689243","1293.76198162893","894.88655229092","1270.04344423255","1348.21576789744","1011.2829472175","1665.66627901576","1674.04304438671","1685.560135077","1650.636283611",
"65","[C]","    Voila.fr Translation","1904.1603966883","2025.842480885","1634.2583139496","1810.0823931518","1791.5295810842","2156.69529429256","2184.57218790549","2353.57171131522","1990.0957215905","1877.16979953236","1740.64593613076","2362.60702211246","2070.56154266399","2055.88907621","1628.521501455",
"66","[P]","    LOTSOFESSAYS.COM","637.2670997123","655.7042644938","650.4472937751","498.4205182285","635.52455830751","1602.6814392132","1435.38735131809","1507.0532058689","1096.19581516165","815.56406441104","864.97805104588","1462.00916154216","1963.77872273086","2110.856464755","1607.714772615",
"67","[P]","    COINMILL.COM","619.187630654","854.7377591826","886.7199429962","934.2750907663","1041.35463502024","1362.18537344228","1080.7814035723","1124.04479966838","1196.54568653855","1375.12355168116","1416.15542141013","1283.58045564906","1369.77345567451","1268.075626483","1546.593804618",
"68","[P]","    UN.ORG","1632.0732742846","1423.2290421903","1336.9581340265","1384.3415507142","1592.47116875603","2036.78974908092","2174.656800084","1629.98874228876","1476.3360378324","1177.7771102922","1234.69674035503","1836.30134093894","2081.74642383314","1981.007862198","1541.749585851",
"69","[M]","    YEDDA.COM*","1499.9494864026","1628.308112433","1931.9674324093","2207.4910167684","1629.64698399299","1806.63712149244","1786.36981434179","1558.1702420762","1682.1215996172","1695.95036987684","1539.85936569149","1549.41084404696","1604.22975736802","1423.349055536","1530.030724327",
"70","[P]","    123HELPME.COM","1065.3401678351","1116.3852316157","950.9195010449","852.8224657133","1101.66400403061","1288.5721240822","1117.11713720086","1225.21208742784","785.6614569399","551.74846758616","550.99331294997","1018.05876044418","1441.08048921562","1574.829484394","1519.244503853",
"71","[P]","    ALC.CO.JP","1260.9976801888","2185.4808453992","2809.8225202728","1220.5066634702","1098.86871009722","1057.68477686784","1102.30211801093","1264.8039394255","1219.74379322775","1029.60751184984","1081.13988796293","1344.3510149952","1624.94047321497","1477.084713459","1484.836773146",
"72","[M]","    5BALLOV.RU","876.328417411","1024.0153976913","1539.2037181035","997.6370987927","938.72891540758","1199.01774631164","1226.36111066893","1128.68533614406","841.92410463735","222.44332490864","240.93753674918","890.46891481874","881.18856895089","1039.747283215","1483.146293452",
"73","[P]","    LAWTIME.CN","N/A","1004.0145421218","806.0142303225","689.9178961569","747.44150304975","717.15923891964","725.95862","811.51526533576","837.43332035895","907.83975050392","1074.39222430932","1193.2862970963","1136.09449953727","1307.141918902","1463.936027427",
"74","[P]","    PEOPLES.RU","835.3614053485","735.911052599","873.6548724408","1050.8240516111","832.71898564025","1274.12104204332","948.89629207607","1032.40444649076","725.29263653125","926.87799199108","848.86980268111","1101.57975222722","1310.3842691036","1410.84302773","1439.011485469",
"75","[P]","    WISDOMQUOTES.COM","867.7301790055","724.7387479777","747.0950161618","811.5445824917","821.84195452714","955.86241042684","966.72352442107","1073.01733146132","1065.31435508145","1138.93091004916","1104.87210834097","1057.33929536378","1353.40374511914","1183.015993449","1414.849548005",
"76","[C]","    LIBRARYTHING.COM (w/ history)","513.8261373461","623.9715902459","754.9661598787","754.8779396094","632.95857114632","807.23451994732","906.98034841607","968.70246739752","777.6162059954","971.98841025344","1324.72896297969","1473.75917837096","1784.31557113064","1639.445654943","1410.08331025",
"77","[P]","    TRANSLATE.PL","1860.0104693049","1745.3251959504","1435.4940348111","1485.3494822531","1231.3443647547","1360.4451112458","1160.04959392","1125.8639502553","998.3281893437","1002.30627753512","895.89743414047","1215.12609976096","1399.99228758101","1301.408766987","1362.980161818",
"78","[P]","    SOCIETE.COM","1545.3656160752","1249.6991587525","1162.7079451229","1373.724400193","1427.19370390642","1441.049839852","1409.79698871114","1213.7605043525","2431.7926355916","781.32441771888","656.84210331723","1353.94484826494","1518.84231408382","1440.89409128","1352.828946335",
"79","[P]","    TURNITIN.COM","921.1980827065","904.3913118891","934.7549638202","831.9243935591","1021.86736961267","1232.70331877768","1097.65514241193","1071.59923972926","611.00152815635","360.9629781412","567.33840446745","1144.38912719192","1373.95678153994","1481.459285436","1239.562136297",
"80","[P]","    ZARGAN.COM","662.4364152746","659.1940565076","608.8149680702","560.2512227976","608.78223146752","821.12661181564","767.88811000621","742.21381985466","724.375817942","735.73794637136","837.16255471837","900.03175153116","1164.78668721051","1176.226598924","1236.921643516",
"81","[P]","    SMARTDRAW.COM","1541.0718897856","1178.2678814894","989.1811706597","1317.104285182","1319.8161426913","1425.51934678752","1211.03400578807","1259.5348786948","1013.2785520181","1122.21250095616","1200.20938810902","1281.81086293236","1366.67127064453","1307.024546054","1223.854658212",
"82","[P]","    MIJNWOORDENBOEK.NL","810.6260592503","838.8991616935","898.9475902498","1019.2557154526","1060.61464634939","1176.8449834626","943.50327319921","1082.24800313772","1000.16163047835","953.032171361","902.40877315599","1224.6583870271","1144.2864142111","1293.472799037","1222.424316366",
"83","[P]","    OPPAPERS.COM","1188.5308537548","1367.0200060574","710.386404569","442.8657320102","614.8500246462","638.25640205552","689.93871471414","617.36781904206","520.9672892639","449.34943900104","784.41819946314","968.17339756388","1607.12145770267","1588.243669886","1213.28144649",
"84","[P]","    SCIELO.BR","1684.7376774935","1743.1269685078","889.6131582474","800.9310829729","1270.01706722453","2012.80686014924","1584.19768213077","1554.17913281646","1596.9895577987","1141.48651012392","1276.64474123777","1724.84429391134","1775.15164410628","1869.330477809","1123.394045727",
"85","[M]","    KALIPEDIA.COM","1350.0287695864","1531.7402240699","868.3368119146","767.8212900866","1752.64944544874","2296.68901955312","1945.65624100428","2357.56631067192","1957.8255592183","1287.39256884392","1733.65411475961","2180.68693058478","2290.53851273633","2234.249786481","1100.121506904",
"86","[P]","    ANGLAISFACILE.COM","713.2831680095","677.8880296056","533.2139675643","666.4169951463","783.11641604148","922.33195196252","857.717347508","926.63377333528","874.5562263295","664.79711158232","658.6227781836","1169.5929488561","1202.76935008962","1246.87357128","1089.147354083",
"87","[P]","    EMERALDINSIGHT.COM","901.3389967797","983.4873779785","780.7957194485","832.5580085337","929.84785754536","1015.30558970504","1185.88003350279","1238.70688550302","849.61362882105","728.68443572144","746.4989122869","965.11412509104","1283.88283901378","1352.480947147","1087.868102864",
"88","[P]","    THAIGOODVIEW.COM","438.696797991","916.679322704","844.2994408915","1056.0775713929","1017.74992479515","812.62287132772","541.408408548","951.46734812396","1153.22864830215","1038.634314162","1364.57371406787","1431.9742570529","740.66232306352","1056.373887351","1086.317928967",
"89","[P]","    GUNS.RU","954.3763242034","714.118651203","1157.26555331","905.8277999728","972.86126918212","1078.01492720948","910.28581955165","994.13070475864","997.17715906875","1294.58075078668","1146.40557529751","1162.80757360184","988.56437331849","1056.016392499","1073.830614555",
"90","[P]","    POEMSOURCE.COM","397.5689155657","464.1387156925","640.6061645656","489.8319965734","1062.61411846551","493.63624248768","587.55985149186","897.6038342563","595.37281215315","394.40445065124","387.20845887071","396.95448258064","488.71078767793","551.622841215","1046.069732863",
"91","[M]","    LAROUSSE.FR","534.4826194842","526.5030989182","389.379716341","538.8265072084","683.44522333552","733.01791391904","705.67690913579","846.30352536476","691.28628151415","727.71846180292","747.01934436654","1221.93392777494","1301.46577246663","1225.792401418","1024.52729257",
"92","[P]","    WIKILEARNING.COM","1529.0233985205","1488.0843794004","914.7202084163","1063.9806084748","1474.57084064968","1616.5702998054","1439.7806376993","1565.37499608014","1501.56513425505","1108.65988292284","1270.27772391828","1514.20678553024","1659.73834726333","1469.609347824","1001.419648162",
"93","[M]","    Informit Network","532.7128998454","672.0544185828","625.1423252485","832.3398323743","727.3681637543","676.74417851392","779.33483892872","679.07926151276","816.37834611915","701.60658704668","769.98345025905","744.85518092364","833.40521251091","1043.242530063","995.114697471",
"94","[P]","    EVERYTHING2.COM","1435.7888810086","1416.4608041566","1186.5087241891","1346.4707060993","1127.28003090511","1573.003685254","1433.81870611421","1204.78635824278","1025.68066146075","768.57274871752","928.6263652841","1082.71037849934","1055.01258106251","1047.382281988","985.478125777",
"95","[P]","    MEGAESSAYS.COM","1035.3510285014","1253.9262986024","793.9315972104","840.1864884225","1191.4924085763","1411.36151853108","995.32889183379","1055.27978112756","823.3170120428","475.03180519948","512.19121976066","779.94975669788","1035.36997031645","1214.383910107","978.552116359",
"96","[P]","    ALDEBARAN.RU","974.8368170164","1172.5469060128","1186.3017439971","1093.1357724162","1046.97758195867","843.59482535524","975.86893348293","731.59712485042","736.68168497575","826.83380890608","833.52431387161","822.82716639802","804.51170531825","874.658411892","966.901530243",
"97","[P]","    BIOGRAFIASYVIDAS.COM","1633.4010148045","1515.9354419797","855.777812084","1117.6268172881","1394.32832412609","2018.9944961006","1649.43677875551","1755.40108556686","1611.65828748745","1126.17236089276","1466.86626540754","1843.2982069951","1899.34507095509","1822.083943282","953.81298471",
"98","[P]","    ARTICLESNATCH.COM","285.5837132998","240.3513857665","244.0357099688","256.6876811597","361.36934516177","437.7771266572","475.97381137114","792.78344198734","734.81180175605","1158.79698691108","846.28372731105","94.65123108034","2184.69445432866","1338.969347834","947.855167235",
"99","[P]","    BUSINESSBALLS.COM","530.2709376319","580.7539085825","510.2158100582","660.2014434345","696.18240477283","811.74903740892","783.99796013286","733.9759192415","620.27128428415","577.20400952036","548.35463850844","717.96859299454","801.06327435643","889.336869307","947.42580021",
"100","[P]","    PHRASES.ORG.UK","665.1255488248","573.5589122216","567.7550700072","621.1670415905","665.2992565999","632.1149506814","572.694812269","604.18034833518","554.34592271285","588.81360085216","583.54937464033","686.4504475516","836.12050706975","867.797590497","942.933021286",
"101","[P]","    INGENTACONNECT.COM","2848.1292249945","2701.8004455848","1918.6899247312","2108.1295947045","2204.76752663145","2251.39315497888","157.07677144958","105.00758496412","941.36562773815","1628.47551297064","1093.42405055647","948.01944243822","1342.87726837846","1279.287888886","932.966805858",
"102","[M]","    WEBOPEDIA.COM","854.2638568269","905.2221565399","653.6933478194","1038.7157698804","925.20385540401","1100.52288652276","1025.15157157749","841.28005890876","943.22583527635","951.795393208","1032.986874615","1015.63204376444","1096.51306461608","1007.462607168","929.24178355",
"103","[M]","    QUIBBLO.COM","603.8572203347","560.1224406815","641.4039287871","1013.6382454741","638.2184883207","597.14301870708","753.11213962307","614.74645574142","626.7950051534","638.96482349984","677.9839037771","477.42336856346","488.90272472791","563.064888273","927.595889989",
"104","[P]","    WORLDCAT.ORG","1206.686237773","1248.5204781045","902.17173634","1297.6180020026","1123.17469342587","1500.98532930132","1253.67924019884","1408.94448355522","1019.9271052018","1007.55993108124","1148.98203992135","1408.08302622406","1301.47337611706","1343.842087598","920.546404133",
"105","[P]","    BIBILGI.COM","N/A","N/A","N/A","N/A","663.33923626179","934.22575768136","779.02878484","666.66595801902","399.1830146391","406.0518758324","458.04400579641","478.67277549212","759.89447702728","733.321551944","911.884491359",
"106","[P]","    EXAMPLEESSAYS.COM","547.1949255968","599.8018361162","590.2705751298","463.2389691621","589.88783583905","758.70102865124","697.51206206793","612.30594904628","498.90966171345","414.48213373352","456.45110561282","826.30833326296","1050.06791176306","1167.205115158","892.705197037",
"107","[M]","    EASYBIB.COM","538.2089714368","511.229336615","675.6149028085","395.0196972581","541.57007815257","758.85715113584","903.50376390593","863.70151317392","269.6603285075","155.567169025","135.74202305827","442.7234440081","751.81500773268","988.500679507","892.277171475",
"108","[P]","    BIBLIOTEKAR.RU","716.6557469771","906.4064931692","627.0147290225","640.2851782378","740.53106847037","720.23992536384","881.04373999251","823.3172027026","446.2617564339","337.99752021412","446.97378162462","671.26989833872","804.8300594992","813.35777182","874.595795982",
"109","[P]","    SOZLUK.NET","582.7490724124","486.8381861609","526.2155414697","512.1173589643","748.68689924636","832.47390776372","703.13042401107","699.05104609972","647.1570039111","690.02588389224","653.46133350768","678.09566358988","897.79194479386","840.509890249","864.679486813",
"110","[P]","    SESLISOZLUK.COM","516.4622045739","595.1061731765","578.8060548129","460.8502024519","546.28544373421","716.42955009712","643.49253828893","667.21998747138","668.21246179715","521.87812725152","651.60600490042","654.7641388471","725.03191512068","792.274598083","855.171798736",
"111","[P]","    STARS21.COM","319.5079472447","325.2579409851","294.8659431422","441.6092673145","463.44092479381","368.505496471","564.34583117","632.0513296268","566.1520808166","710.57437533756","733.46428344265","776.01923084104","758.5627236225","809.320930194","828.761284887",
"112","[P]","    REPEC.ORG","670.0476109287","1082.7986370475","536.554431134","665.1904158748","723.89311071986","819.70358118324","796.04898141407","818.88386367492","560.39857371165","626.7022472342","596.21198831005","662.9217636568","834.58737342086","925.497974691","812.398720325",
"113","[P]","    TRANSLIT.RU","430.8464994507","353.0935382109","585.9394093201","467.2705000016","551.79182286186","499.0005713218","571.11905168079","407.99091809302","548.4517418314","579.63111066488","581.53055122298","618.80447013308","642.75484090098","665.48295107","801.838512117",
"114","[P]","    BrainPOP","931.3740556005","822.6229773726","640.3921885022","830.0274020031","747.42399112612","846.71111662176","698.93100456165","721.86577996904","343.10417614835","227.19486664844","343.00036694119","735.67475316556","888.01332989409","924.13895718","768.664375753",
"115","[P]","    INFORMATIONSARCHIV.NET","601.5788862281","690.5349159464","473.1678951637","533.1719454039","475.92611116012","515.94579586908","485.45995848642","463.62471496366","390.890108532","462.46329652304","581.53292767333","600.86856321092","657.46334517302","602.790560331","767.698185845",
"116","[P]","    IXL.COM","132.6697257045","138.0188262424","115.221022354","314.1304406555","489.47549161289","970.901614316","672.80482960649","759.10636482474","621.99902875005","407.29315337344","378.915676434","692.77613458074","792.60727393542","1054.614312072","767.543548472",
"117","[P]","    DICIONARIOINFORMAL.COM.BR","345.7746375321","354.1832212564","295.6555387898","326.6233873977","467.758126709","660.44589590768","590.77940948572","703.26342957538","633.7022336508","611.3350065176","798.79035261438","860.98185421954","925.43315298471","904.40487657","765.539733118",
"118","[C]","    Livedoor - Knowledge","582.8840151397","557.4313761786","428.23476487","410.3458691464","462.38285677404","625.86186220276","466.17507647679","589.830287497","649.4134974579","608.63143958008","698.94562902511","539.51743165642","494.6995413105","549.606781391","756.728431971",
"119","[P]","    LEXICOOL.COM","694.5639231583","690.9809581733","631.7669024252","699.3146416212","717.28360279395","740.15870897432","731.11065011193","744.31149656762","612.11093476","482.37735597096","545.59144266963","754.25628827242","770.44999656562","777.203917841","739.492289272",
"120","[P]","    PWN.PL","1046.436068237","855.5518544405","799.5648817027","785.6937720543","702.16223454081","789.309920073","645.14369853","648.7211532049","480.1278519199","383.2602365692","354.88294527797","693.67370049792","777.73994310321","808.521931103","729.822058072",
"121","[P]","    VERTALEN.NU","344.9434320167","415.8242760364","370.1682113144","464.8611669797","476.77821495202","571.54880219148","459.52326999786","468.33546286868","531.6093401367","578.84499556832","486.87484222777","676.52344941378","627.22811853153","797.12404844","725.330656636",
"122","[P]","    ACRONYMFINDER.COM","725.7015345313","660.5730720515","699.1432963242","787.1943794874","798.69771042091","793.2207256524","819.55293628272","627.36674280754","592.75081090595","685.6652910314","689.28385810982","593.43934983728","656.09678767586","695.976959167","718.57354818",
"123","[P]","    ENGLISCH-HILFEN.DE","425.0162017061","525.7786761599","485.2734877259","427.5944141224","529.55765358618","780.9787869072","613.89209492414","731.09739412814","541.93858105355","331.16594913928","343.81172537307","649.86918240836","704.17474563169","684.811017667","716.827640186",
"124","[P]","    ENERGYGUIDE.COM","588.336198817","691.095296313","619.335841324","661.208917566","532.296448387","643.38099049","563.613994358","714.311956851","588.240657876","700.669418024","659.343703428","635.75858961356","697.085372511001","688.250616208","712.01532917",
"125","[P]","    SPISHY.RU","473.9773270661","367.4514500866","310.7214350109","449.716845171","441.78759468896","388.22524351776","509.42913999893","424.362721598","87.969499674","15.431835302","38.28805093455","813.12695365596","714.64464565118","556.790244271","699.809508935",
"126","[P]","    ERUDITION.RU","613.8454624786","540.7246673719","636.5350077526","568.252966462","469.26794229955","558.94786195284","486.46266","384.09968686536","361.71050808685","79.12461143288","80.86030153566","363.41853695872","451.89112480286","420.758747881","686.21754849",
"127","[P]","    OMNIGLOT.COM","333.4729558558","412.1806442983","471.0424133582","473.96259794","416.50650757836","495.42362440376","545.37829079221","546.01124199698","570.6406574556","417.71705740792","527.4639636702","484.99240008758","404.39188579606","584.617919899","684.956293748",
"128","[P]","    MIRSOVETOV.RU","481.9423492321","505.0327079697","399.623318856","740.9786147546","744.56138503646","789.46064152372","477.46081222407","418.79439539492","380.13419507765","542.019073637","571.75059045834","507.34111911232","735.99843030542","802.883819168","682.409114806",
"129","[P]","    DICOCITATIONS.COM","298.6429335784","295.3186546614","192.8281981897","366.0655589294","424.42452741764","527.4120163824","439.487746747","381.19701704846","400.93000341745","420.4719989274","397.53666625294","563.48054499254","542.76058233949","581.41524645","677.465549454",
"130","[M]","    CODEGURU.COM","414.6610494469","272.9620719359","271.2122541938","439.4187583341","311.75277575682","327.0054989414","423.83241406035","389.6608397737","318.8615176561","487.9797184266","519.03355302168","597.9330572595","575.73017246771","716.728441173","671.247506414",
"131","[P]","    KLERK.RU","583.9599575865","667.0337771643","620.6340875625","557.7234573833","601.03437333313","924.18201231192","675.15354646114","465.25026830654","492.0606408732","592.27997570248","452.96921936699","483.55075389222","672.94523892486","666.868832471","670.729463007",
"132","[P]","    BOOKZ.RU","849.3534631253","840.5420006073","784.701923521","1211.9390355346","866.91966039854","959.9994408466","1188.53290689786","940.94883941526","694.7029087495","868.10261276768","892.39821922648","962.0818868021","750.09763519891","534.510382453","666.164594405",
"133","[P]","    CALEND.RU","344.4782004973","354.6994605964","372.5589678843","646.1043075538","446.66527797849","566.4213845454","474.77554776107","388.87975077784","465.5351549368","469.88012182648","572.42815502962","589.4533814402","779.5055738363","802.148104765","661.955156558",
"134","[P]","    POEMOFQUOTES.COM","454.4308640846","292.9930073445","371.893519369","382.8256743879","498.45083783641","462.88999391816","389.20045932407","454.26305886582","419.9810749871","415.77033752868","470.7053228942","363.3045239454","441.71380995767","494.816539591","660.407414811",
"135","[P]","    HONEYWELL.COM","424.6341329916","327.4899954564","441.9350614811","477.3498512359","448.02979910512","523.84589228564","435.80760747207","507.6289037879","406.47888227125","411.94778992512","400.4345553114","458.00554472758","524.39304715455","432.697680265","655.080536924",
"136","[P]","    TOPLUMDUSMANI.NET","N/A","427.1131117824","354.5690410625","281.4776366886","505.43766474071","461.75900195304","435.00315000321","310.75976855756","171.00596866395","147.80051578032","148.53275306007","244.35339662262","565.78621359595","464.959261799","647.472739672",
"137","[P]","    WISSEN.DE","426.2925790827","547.851234541","539.1962005709","533.0018122301","599.00274299933","678.1160614626","539.34017820214","700.58749828022","474.74062487555","452.0195625452","534.14939665851","587.63720460032","721.51607448279","774.681548928","626.573321236",
"138","[P]","    BEST-LOVE-POEMS.COM","532.6344511672","557.4339273894","627.1305105998","597.4388955645","619.23528896207","527.87622482788","565.12148548272","456.95131178388","520.00575747735","495.09676265668","556.83253124027","568.04459625444","491.9028141479","558.376285864","624.413944487",
"139","[P]","    MIRSLOVAREI.COM","307.1847290732","397.5024353979","542.0263985964","595.7818031417","331.39017621799","563.83742756688","437.78465999465","413.02070363522","306.4892291558","237.44748788328","182.95337240151","435.78852219328","506.14639933525","531.86577284","623.544036948",
"140","[P]","    ARABIC-KEYBOARD.ORG","N/A","N/A","N/A","109.0871965878","270.40449791579","264.07809700152","268.32741881493","340.17306987378","371.97264147225","457.8392839438","461.00885103416","473.87112799674","605.87737977272","541.051703275","619.105828282",
"141","[P]","    ALLFREEESSAYS.COM","N/A","N/A","136.9244290842","168.6038846237","283.07574379928","375.5593184644","85.52310686679","397.6043723567","271.6381646864","244.3303596086","355.06416973984","600.60547590814","595.35868503978","689.843385244","617.654562883",
"142","[C]","    BIOLOGY-ONLINE.ORG","521.2080773417","452.1084919296","325.418428903","407.9917381572","451.37895894105","402.2392655182","387.402339777","400.45303311212","452.93261228715","242.89666749712","371.66881239865","516.9091947769","645.54036219992","588.09643612","609.912557119",
"143","[P]","    AIES.CN","1347.7118846807","1318.1442001382","1148.5204293134","1135.9755801856","1156.89823523186","898.00895666196","782.80985999893","591.58872880676","899.24679021635","1047.37944252552","670.30262612443","864.54773000608","970.40386150445","759.40975776","606.800862207",
"144","[P]","    ARKITERA.COM","N/A","398.2322757947","397.5733982322","351.9541842991","586.68183398175","728.76457432876","656.27311638214","612.38252734622","484.1049808975","481.28770459112","463.97468442958","408.96942712032","517.93631653888","511.975134984","602.655758092",
"145","[P]","    CHEATHOUSE.COM","528.791761656","592.608091585","595.1748195156","535.493570098","727.67787462462","935.77716080964","725.08605898807","649.13146086434","393.130181175","272.62400603868","288.48121127866","518.9856715579","594.3924482861","714.477120739","594.318499983",
"146","[P]","    FREEDICT.COM","888.1526307002","817.7194300488","710.488681377","752.7789701404","726.57171338524","905.09562498992","803.22357898972","714.86363471976","552.77002399845","629.176127853","634.09017942867","613.541057937","600.43461373865","632.479706819","590.651912769",
"147","[P]","    ENGLISHPAGE.COM","534.0543509527","539.4538660705","416.674554843","413.1964986116","574.94327954415","576.8372408216","496.17779115607","553.33156486584","468.664713573","330.94304938972","349.06754359304","560.83996475322","673.51186615528","712.717429306","585.501694277",
"148","[P]","    SAIDWHAT.CO.UK","416.3210155625","410.7006857835","300.706428006","392.5104894206","416.90615217959","402.51293927024","375.43979920014","373.5341483598","325.4642011084","391.14116369784","418.36454556514","361.97597804502","428.59001533034","521.120843822","583.685209334",
"149","[P]","    SO100.CN","557.7942770488","607.4053380175","1188.9742488261","575.3373414888","675.77350982529","475.3033071138","559.55543000107","315.57933448952","449.9273194962","369.64365331816","370.46875131093","625.1094250135","477.08240318434","452.560252566","582.579377473",
"150","[P]","    SCIELO.CL","726.8707462465","652.724839873","549.7227301285","473.7485228603","687.1898870319","929.29545506704","856.074390742","750.16970688502","736.85935433535","545.03696235328","647.39826177819","751.81243069732","832.85145423805","839.301957792","576.256021362",
"151","[P]","    SLD.CU","672.2819003821","645.8676051217","423.3161051199","539.8267266068","668.82520619551","780.08096011688","758.37473392177","842.64756168042","758.1909038126","550.14346193724","664.9380455203","819.48154699482","856.2914317647","892.3248802","575.403155364",
"152","[P]","    NETPOETS.COM","609.9047847667","447.5297186822","494.6818009814","508.1445188888","690.37213154607","544.78673670748","549.24261746707","689.41221233254","449.81429683625","469.39504483168","529.41268663221","480.95916372752","431.26879791091","461.624298735","556.328520746",
"153","[P]","    ALLGREATQUOTES.COM","250.3566581875","309.2345624838","276.8803160404","232.9372284704","336.95802120055","327.41217601312","495.79860278151","371.3890405584","321.5315101903","292.05778942524","299.05776455801","365.0643681784","396.82156520231","443.420401287","544.884205998",
"154","[P]","    MANAGEMENTHELP.ORG","387.5327376762","345.8406826104","250.5188506897","353.9833309376","402.13223581658","360.69512626232","494.80481796393","484.1146546805","496.9062462307","313.6421107792","385.06115140854","302.18890999402","457.97458795466","505.360830637","537.593989792",
"155","[P]","    WEBSTERS-ONLINE-DICTIONARY.ORG","759.8342998234","501.1736407448","561.0999313271","400.4656174695","513.06589865608","603.21127485688","738.86868489235","609.3532659361","371.1217136662","396.07213004044","466.1425456191","480.03651053672","486.54028473368","512.550815022","529.355429603",
"156","[P]","    ONELOOK.COM","806.8295596536","728.2400310299","600.3267565338","737.017118613","634.17882517259","696.81604970712","712.04405395521","661.50944478306","503.88796195275","504.8141711426","489.43617826359","520.88062473664","570.63585583424","550.12774815","522.151933702",
"157","[P]","    DUDEN.DE","619.2218599215","855.1469511071","658.9971626082","855.2694938699","724.96127066019","922.0984045804","687.44096000107","526.93454103586","458.0306952186","549.8663098796","663.36352240383","708.20742029498","783.17609660846","697.128840408","520.838924566",
"158","[P]","    THECANADIANENCYCLOPEDIA.COM (w/ history)","636.8717124908","571.5032315583","561.0458907898","584.9981799061","675.3521648212","614.13084842288","578.683522124","620.11524529684","405.07136671065","364.65243015552","291.52071659549","422.79124715608","598.27434282449","718.086529462","518.972714765",
"159","[P]","    CALCULATOR.COM","663.6704279389","444.6283987953","494.3144374348","487.5487483873","571.38668187818","623.6062007754","607.549717291","521.23248517454","407.00938844085","358.97800823584","385.81334061646","580.71003989634","530.93517655129","489.194296721","507.866628922",
"160","[P]","    OSZK.HU","525.0763116515","529.1142856045","410.9956137366","380.238478609","322.90360886254","306.9653316498","252.83865339","230.0209547323","193.8893146552","158.733562244","237.10990696938","369.07850972604","457.22105209863","600.892635079","507.749682766",
"161","[P]","    QUECHOISIR.ORG","212.6786749957","187.3247621201","319.36903399","284.7309084479","292.30158082117","339.98043076324","209.94130999786","225.04474732878","225.37478911655","261.1188009232","271.3246798656","303.09540788338","292.878038918","486.10257761","505.963483464",
"162","[P]","    NEWWORLDENCYCLOPEDIA.ORG","281.1294153466","265.393137617","219.8937262201","298.3320333594","367.25365787948","503.85784598696","516.96721546214","361.04064720586","239.1871235064","282.21409122004","291.25152387839","460.73221984614","573.75898799711","512.718258646","500.77535674",
"163","[P]","    SYNONYMES.COM","212.0589743394","209.276116928","183.5398270426","292.2616940632","421.71845585876","384.71837726332","384.74573145493","418.3074711632","410.7272022881","216.05079102144","311.27068916738","546.99855187046","573.09057294136","519.485406424","500.234223683",
"164","[P]","    TRANSLATION-GUIDE.COM","346.1957031391","369.535343207","310.3634218935","397.3708778364","372.30643914754","442.12539666232","462.53630977744","388.15471664614","357.19806980855","450.4427150912","348.88813357086","428.94535295468","480.66403026454","498.227153908","497.010762081",
"165","[P]","    Farlex.com Sites","215.1445650251","297.4948533615","529.8625896021","394.7712588023","391.52686569774","467.90510929344","529.19006367349","577.07158420432","442.43517228625","339.26775376156","333.88151335248","504.88657191402","615.37533850107","588.045385992","495.294498014",
"166","[P]","    QURANEXPLORER.COM","221.5914574046","227.4027141789","189.4710104651","272.3596478078","366.94102627505","392.67596752492","379.99929500565","389.9231960584","407.6777703063","416.70491979072","748.04348728211","773.8093021175","555.51665524912","347.429959206","491.639700823",
"167","[P]","    SERIALSSOLUTIONS.COM","456.8346798084","395.4216390062","352.8607533844","354.981779897","352.51893831141","451.51436309496","476.830999782","269.63551128322","268.19039914145","288.35857586788","278.19507971209","369.64024102524","548.7896540743","616.51834227","491.329731264",
"168","[P]","    ASKOXFORD.COM","486.5843323709","424.124107831","451.8600812349","396.5732995346","477.60266526917","525.86237010068","479.19063522235","455.37171255088","419.50684909735","316.8365910746","389.85833138627","486.1487095292","534.54522085341","507.027951743","475.160014981",
"169","[M]","    COURSEWORK.INFO","343.4665636027","346.2782976753","269.1368998734","413.5239572649","443.25038708482","494.29498760932","336.04975409707","362.0287247298","237.20003409255","192.17318455648","187.55136851203","451.27507940042","598.96628404552","670.91064671","474.9753609",
"170","[P]","    TRANSLATED.NET","445.7094871456","380.9399156804","372.5920995767","368.6797107528","485.94699911893","579.43929468736","497.647915858","508.51830140208","363.27453404875","151.25518367052","186.30628398316","243.9755761508","375.94490853466","425.788116177","474.827852272",
"171","[P]","    GRAMERIMIZ.COM","391.7740890118","531.120699365","335.4680478294","283.6462950849","491.66985750223","329.78339999892","417.21225999893","343.45480718346","183.73798339785","136.53372460432","129.39933448981","168.50183029986","397.82612740568","415.175461456","464.380038532",
"172","[P]","    TOPPRODUCT.NL","364.8759088174","268.5027687177","281.9597204732","379.3031774719","352.714143482","241.04029890204","270.50714000214","357.48309921542","303.693264091","368.6541025888","423.75777136065","386.25332906468","430.21306739307","452.482140928","459.825367085",
"173","[P]","    MYDICT.COM","153.3669679965","261.5570893814","258.5213471352","227.7384512956","338.37962663805","331.93619037648","309.50198820879","378.59582937962","444.66258400935","397.20009896776","549.92190037186","489.38072800118","438.21648577703","566.870915298","457.569398074",
"174","[P]","    UNIVERSALIS.FR","636.3026358454","644.3712947972","480.682239872","583.9844536903","553.12337599172","550.72817681808","443.4217454","386.5936625039","291.41004123965","146.65695461952","156.49265657308","335.88111324462","476.55143905156","460.966742525","454.128979733",
"175","[P]","    ZENO.ORG","221.4321745525","440.2798939231","324.06210741","289.8736149245","389.87875974349","477.50643829276","439.47721999786","340.40773497404","297.9558986758","301.5855135644","286.0372643996","383.01010433528","356.34892487885","429.060817186","450.282275464",
"176","[P]","    ABBREVIATIONS.COM","273.9670213955","238.910122244","235.5965458923","280.8622504688","326.86368886724","349.93590668812","366.90727564279","369.87345222148","299.65965300275","329.33970110972","343.87651465588","347.36547037388","506.20102317523","541.478831147","450.199919228",
"177","[P]","    BNF.FR","420.0129605127","457.1327977481","381.2988366226","412.254162034","463.3881660865","526.91441091952","442.73730549565","441.89771226342","407.69504959685","263.03486096792","293.1154354925","411.04222806918","530.15391701771","544.477310411","448.863678815",
"178","[P]","    ECHEAT.COM","459.53520244","491.4931762624","409.7326675442","296.3737855677","552.76093056332","550.5677768204","518.79786073758","473.8923210188","360.55284311605","290.73522867756","214.704992151","377.96357807436","494.66127871758","611.217864523","447.701562873",
"179","[P]","    ACADEMON.COM","555.9641323585","559.0265063234","522.2636675566","474.6167642502","378.4192695065","502.72107019644","549.94142792721","448.14641577524","277.84439363095","198.4084179402","254.12152780522","490.60694620812","433.24377569245","506.82347894","445.020838353",
"180","[P]","    MAGENERATION.COM","N/A","256.0890050763","308.4949398558","301.381719793","282.60612693042","84.01415114416","59.21357999886","38.84051947954","58.8677797388","205.34468413124","404.8231415124","390.2609716255","391.80742176585","196.286715104","440.711354412",
"181","[P]","    KNOWLEDGERUSH.COM","N/A","N/A","N/A","318.7989365088","607.11522339539","567.0077811974","481.98827381535","525.42540764238","478.5626901015","413.2440875718","482.69478344131","549.30458800394","642.54455448836","614.990933413","437.113675529",
"182","[P]","    SACRED-TEXTS.COM","332.0958013633","328.3816992927","383.2816415561","281.2332869457","303.75662354849","449.57935227264","325.72165295086","349.36545142968","274.46783918395","288.42940865124","328.08302781373","326.6887552866","475.00383870365","378.442094717","436.934839796",
"183","[P]","    FAMOUSPOETSANDPOEMS.COM","277.9234512093","383.7540850114","432.8435498536","392.2795443947","490.7299495571","521.8989912482","581.68525150307","765.55275665794","331.6169768564","323.55206156292","293.64169428861","408.82109717584","413.97241056827","559.298516467","432.956180074",
"184","[P]","    WEBELEMENTS.COM","615.9452926439","528.1507511489","365.9203744544","462.2585009989","379.27772358507","446.75492853632","350.85869363586","285.15841848896","251.1198145498","183.54420225652","170.76459166457","566.58680714764","680.38732520774","455.821414921","431.457125962",
"185","[P]","    TURKCEBILGI.NET","N/A","335.70317592","322.8489447157","324.2930637871","444.10517567191","576.7626133322","507.75183285107","372.1311382621","258.6187921193","226.7770334108","295.34450767447","230.75552547712","446.50072942827","381.888150241","429.311729485",
"186","[P]","    BIREME.BR","447.1945339113","426.5881091426","273.5219632178","323.4157108904","445.86855689004","846.7907480202","822.86784762565","841.35582121332","940.91811518155","612.48499897612","556.22661829925","773.55684531442","745.94369005655","742.929714292","426.67447685",
"187","[P]","    PETS4YOU.COM","354.1579002096","369.052775616","462.4472342359","504.8595068435","434.88590267152","412.54395390784","391.18718660421","445.65145587206","330.59594603845","395.2870017468","310.44626037194","320.54223453326","372.19482133637","402.465893017","422.5487961",
"188","[P]","    DICTS.INFO","295.5799235104","388.0533353693","309.870083936","373.8671935778","450.04135097493","457.29425539884","393.82576200086","383.5737749258","429.3706085928","352.27017880768","387.70848219656","358.0666450166","468.53336411786","432.49086922","422.43129798",
"189","[P]","    SEVGILIYE.COM","N/A","224.6665569148","331.8638846311","328.6615543264","678.71526355858","407.32329184452","289.15892718572","246.71281713884","273.9694829517","280.22681444008","288.85102357939","282.7002840084","233.46699445656","240.187508945","397.385251379",
"190","[P]","    EGO4U.DE","340.6834650638","481.5308459731","352.9035052023","294.4523694288","352.13903008368","515.50181305128","316.32451588214","404.33989270924","296.2849703544","154.69596709128","176.91675300908","372.0001349334","340.52375252808","482.199031103","395.177386069",
"191","[P]","    YEMINLISOZLUK.COM","N/A","N/A","N/A","N/A","302.16211121606","244.15594237272","309.22929473007","210.9563611047","253.18611010455","180.67103042352","221.61365221765","195.51483538954","134.71568052506","180.492232041","393.083357767",
"192","[P]","    ATLANTS.LV","149.914542316","174.566572153","206.4480837045","183.689989494","297.7902963537","311.9649878362","310.38787","303.4224998138","189.35436471","126.62876401","123.53703019337","325.82597540168","398.93968020705","405.51923828","391.329471106",
"193","[P]","    ALL-SCIENCE-FAIR-PROJECTS.COM","459.5981293631","479.2857225743","316.0109343821","565.0901751246","421.61391382353","426.63629008316","343.92237454814","281.478220858","63.69399257555","97.40061050152","141.29497402113","294.57021736398","334.43512306866","389.350040049","388.645640715",
"194","[P]","    ARTCYCLOPEDIA.COM","506.5591793322","392.8292232459","337.4028473916","431.3696581654","399.99579419482","496.45478964052","491.36627487672","449.3397453403","275.40913897735","258.85787054288","280.08326504101","420.89661935442","452.91398456123","467.47774488","388.175337686",
"195","[P]","    QUID.FR","502.7478330294","482.844458795","371.0285652517","617.7648732661","553.41420771304","710.70659173592","684.46807667121","666.36145509376","463.7650926627","500.73788365216","628.23305827306","588.7810778717","512.25783141247","419.232281331","376.668853013",
"196","[P]","    WORDWEBONLINE.COM","241.7054628013","405.6089767132","209.1644622197","254.3873629752","330.07457851066","351.15085459176","300.19346421379","280.35324849726","274.37652015195","260.72024648884","218.24299529314","423.73233146066","351.87540945197","381.222262703","373.193979202",
"197","[P]","    WWWW4.COM","310.1356422228","518.7657400653","238.8479827393","375.2579910618","411.18824961494","492.55335807576","512.91310414107","444.26218852852","284.628874379","186.63076532672","255.10419154419","480.0121612608","400.2549200909","363.857086393","371.690715886",
"198","[P]","    GEOGRAPH.ORG.UK","177.1857905477","191.467683941","199.597711205","179.7319965789","258.36780352355","244.52681158384","299.826542294","333.505111905","292.4803495087","312.4602328994","421.76789011085","382.14145189664","435.90224669344","404.135035232","360.137537503",
"199","[P]","    INFOVISUAL.INFO","296.2882628654","478.9778940741","300.5889831858","360.5157898359","459.39296917099","582.4623424092","450.58250612449","411.41635509792","315.88275223705","256.2116486074","362.57130905625","378.68157103914","481.73285088855","438.910386382","354.730163901",
"200","[P]","    DEFINICION.DE","175.2012838972","156.9048044751","79.242314613","201.9491602949","282.17805693444","333.28476578656","329.32697410728","454.16413303456","375.61425185755","216.20094255104","517.78058178515","692.91688821698","646.88654893699","653.212627469","354.423902988",
"201","[P]","    NETPME.FR","351.9836368092","248.1856982851","268.5617730832","375.6315519865","389.88833822924","294.90550051124","416.43102999893","398.93260608558","292.87935022775","246.43531451252","195.42226935299","367.48982519012","372.99199277208","344.490898558","351.668741214",
"202","[P]","    LECTLAW.COM","350.2058953678","284.2190127492","397.6609016016","319.5103853138","310.44106978908","333.21314878","361.85537121279","369.03315409304","240.86831089845","300.07728845428","269.61161503112","340.13999127052","385.18762257888","339.531377474","347.82474119",
"203","[P]","    MOREWORDS.COM","206.7717248219","279.7634480294","227.9014039635","270.742791094","269.45682607479","291.62243910704","284.88681751186","272.9343765367","204.13455168365","254.27308924396","279.03400424355","350.06949796952","327.17881397294","361.075129995","345.461930502",
"204","[P]","    U-S-HISTORY.COM","299.7635606261","310.5601684449","277.1293657923","281.7060362798","304.49424481625","350.08786626968","262.26128703514","207.7601146214","112.56936725575","91.7681395576","107.39769028407","287.11579398624","285.9687679356","341.473350272","338.474678876",
"205","[P]","    EPNET.COM","431.2206378081","490.6854978922","357.9343133162","324.9090174066","304.59260920743","458.51434944736","331.15656447414","557.3997384818","553.5651584418","378.98198941256","373.86173050443","273.4111545077","364.06470364034","381.980162957","336.948680862",
"206","[P]","    FREELANG.NET","248.864385588","288.9284723406","205.8219515177","203.9070609089","300.21774980799","216.9591714406","335.93947496514","266.72613406594","273.2261915116","272.47200489992","268.61065695347","344.34653606876","267.93664100428","244.909705304","335.136588126",
"207","[P]","    KWINTESSENTIAL.CO.UK","222.4766729137","216.2194563684","329.2165150123","225.9924758612","320.571883771","323.75856510484","260.313996133","400.30657914298","289.56464680565","260.33613042476","219.43648969523","276.0387498945","395.3453102708","387.011021394","332.806692594",
"208","[P]","    JEWISHVIRTUALLIBRARY.ORG","360.317308476","362.7500833082","300.2563310781","426.0262611093","382.96160569355","395.0342109442","368.01260063907","390.14481359756","196.73466994095","191.3911092022","229.18423672665","272.8390043265","370.18472065314","383.937406455","332.784579447",
"209","[P]","    MANSIONINGLES.COM","341.2555536452","298.0126915644","259.439683267","283.1923681285","387.5479601129","494.21127765788","345.93638386865","451.86200624694","427.0886973398","290.7122090384","369.16542134406","521.20955968496","447.47896150377","472.304935345","331.585803289",
"210","[C]","    BOOKFINDER.COM (w/ history)","375.8391066101","335.2299957544","330.0305325534","405.2967808803","470.76390134649","507.34202973372","489.07690171865","432.55962944942","334.37971502335","326.63122092472","360.40725261785","352.16327500882","375.9213210068","296.424889671","329.758799892",
"211","[P]","    USHISTORY.ORG","419.5918257116","312.179135679","269.6793505965","339.1815382972","380.82682897075","440.517983552","210.080867788","223.94398014696","201.473498226","230.51744206604","196.32800583941","403.08487359192","460.60289154249","377.197460419","329.267785406",
"212","[P]","    ALLWORDS.COM","293.8799115904","306.2387054852","218.4867270273","327.1916388565","379.04300160614","333.73853812852","309.78650737335","243.01932380226","269.35105190645","248.0488266714","283.1121531531","396.61662837736","366.69028780111","429.025060416","327.403221405",
"213","[P]","    SLOVO.WS","281.7811469286","251.4787009625","373.3967240374","300.8020021743","337.91136514551","160.13585317608","251.65008999893","148.94765574474","54.0386525343","11.57539382536","24.05263655692","449.1576564799","368.11556683263","260.498112943","326.32445833",
"214","[P]","    ABIPUR.DE","283.2751131738","505.0980241791","341.3372360365","365.9968871286","372.73411013127","504.9117748836","297.08830999679","450.47280756028","321.4776344346","123.56684653456","135.94133763305","371.78120864244","322.86237779044","464.323778625","321.671005784",
"215","[P]","    GLOSSARY.RU","250.9065910531","491.9626501013","319.450400628","531.5674013916","313.88000295358","389.90908488284","462.45399999679","362.63355306072","361.7530061922","187.18468357224","190.79116708115","430.92473263994","377.5694484609","358.526293057","321.199109425",
"216","[P]","    NOLO.COM","500.3373767774","380.1187922543","341.8315317219","589.0507160211","648.6220510985","545.49004690824","650.34378248286","468.48790985978","408.1027546694","545.2154642452","413.41326313257","374.93099785242","327.75424263994","294.881837254","319.885443677",
"217","[P]","    VISUALTHESAURUS.COM","367.8272344034","354.9761660863","356.0645866032","329.1467899191","336.93616529902","400.10432173436","368.76506680979","423.13901355476","269.3038325612","238.4539286084","409.00504777877","389.46582779482","347.39522179238","363.671313458","317.216667153",
"218","[P]","    PSICOLOGIA-ONLINE.COM","372.987260291","364.9264366606","233.0478262228","242.1179490108","333.99673030599","388.13728194112","343.26408351535","279.45253291396","298.7466629609","262.19623414204","291.40737198689","318.9110458148","368.26631872977","424.011186532","316.409158683",
"219","[P]","    ELITESKILLS.COM","201.8419802847","224.7759439659","283.3768930272","234.3419116781","297.17874387743","287.08300045524","293.98214444093","279.08489588926","141.72587010385","136.289331094","123.47137251107","192.71884084836","271.5459089747","323.179440859","312.649612594",
"220","[P]","    FOOTNOTE.COM","925.2093537232","434.8081608082","558.2318125912","615.8975844282","478.30469588856","565.59871830476","387.81307265593","366.78420500838","416.58715754275","362.31792467444","403.11916989827","403.80605888352","371.07321223288","425.462400467","310.770378208",
"221","[P]","    SAPERE.IT","414.7160653405","357.0664327692","319.5055554023","327.1415957438","368.83053108298","469.86284122788","315.49772396321","285.4836904462","230.9264207796","198.66938836992","179.9740518501","345.5791904535","437.00609296428","386.01408338","303.537874604",
"222","[P]","    BUSCALIBROS.CL","563.5875596581","524.7960702024","356.9966211082","289.1473069288","392.15815451096","570.83900118084","545.36119744642","439.40288650752","359.5657807783","368.27014517596","565.07092055261","594.11011798444","526.24738003431","429.575728209","300.288710361",
"223","[P]","    FOURMILAB.CH","283.8663536358","276.8819419548","239.0663197148","320.5026447294","350.74024158078","392.63217579944","275.41677238407","224.38873969076","341.9920660277","270.1740159666","231.07046973892","347.87226930672","310.36890561209","361.962909499","297.419500369",
"224","[P]","    ABCPEDIA.COM","321.943450866","269.4848326769","246.9087777229","245.0330252323","369.52720296054","438.89978094192","324.35590672886","383.6743536811","335.05900898455","269.38181668256","302.9606567269","394.9870419747","360.33121230582","356.532696173","295.973592373",
"225","[P]","    MADSCI.ORG","424.3780256084","286.0348402212","272.778628953","409.9759444257","442.35263591873","372.46103627852","340.636664255","264.70262795508","239.45641102355","201.2421603294","246.27775914161","336.10392924634","350.08139873542","282.590638323","291.350880749",
"226","[P]","    SOBRESITES.COM","321.4210191106","318.5772100622","240.2094248045","299.0295876711","325.4067941373","436.63992320308","353.83024596107","332.04985700566","252.715667862","276.592566062","282.52992019592","286.07115954854","323.56662674179","331.254589952","289.13479507",
"227","[P]","    DEXONLINE.RO","700.8589697736","683.920742176","617.2524400665","694.1923690609","713.07254662348","739.23923544652","646.15119","587.92747683062","488.3632861784","433.1034527198","191.18391007953","240.08093882456","357.50837848322","303.028503552","285.699333599",
"228","[P]","    NATIVE-LANGUAGES.ORG","381.6628364662","347.5076824665","251.6258212815","287.8948459719","312.36847009169","311.95588176408","373.45744875586","280.42203891372","251.3857923835","180.60391893328","195.4246444369","405.46288560212","391.36012288214","421.405305106","284.827284724",
"229","[P]","    POETS.ORG","360.7710594463","274.6832654038","300.3104590641","395.1359891405","409.06630770953","356.69820893204","558.72614757907","373.38337061968","194.03251361905","207.29218906068","178.20425274622","281.64835642708","298.58913092384","282.096911927","284.41393902",
"230","[P]","    Antiqbook","876.4082800732","751.2773922416","653.6363257611","559.2206107415","575.34808088628","418.46765085032","357.24314886914","284.13702203758","199.22061228105","266.80812119976","245.17483932258","336.26083940552","272.28460605747","291.763653601","282.409608853",
"231","[P]","    LEXINTER.NET","369.7910976436","247.4303630336","187.6612997533","354.6955179445","334.72427392555","485.38672388016","407.30025611693","330.56769127716","272.627809043","298.16412619764","184.49236276945","330.83222782736","379.7992314046","386.907111136","281.532742147",
"232","[P]","    CUCUMIS.ORG","287.8325905498","264.2893742288","314.4640000642","386.1087188927","374.83561670349","372.19037190224","368.93957187535","401.66084278242","311.69791027985","284.67170719608","330.24467343677","321.72402765572","328.31938785914","302.811854451","281.17338798",
"233","[P]","    ALTALEX.COM","252.835809138","321.1384672551","218.3517278481","346.7258448093","316.96437310105","305.83607939892","315.31616","258.51165640098","239.57944850385","261.904559312","200.67247200263","249.95047655538","296.83514481384","282.918194603","279.369917344",
"234","[P]","    NOODLETOOLS.COM","210.3753014375","356.7574411663","316.109794618","185.1384931304","257.26505284205","377.147474142","285.25888949293","197.557450419","103.130373055","35.5061876","64.95511362136","168.07669919018","246.78490073248","338.594808695","275.580795909",
"235","[P]","    LYCAEUM.ORG","204.5082774697","275.3027504365","269.8866805139","314.6308389129","278.95186543788","314.44525179512","286.51459999721","350.39091729394","364.0116155282","343.1443179582","261.88963226915","370.98462467682","402.42427090952","325.293639248","273.87166648",
"236","[P]","    ACTUALICESE.COM","155.9460516724","145.5849471307","114.6826585389","174.9704380523","404.24981275858","425.00105460108","446.18893000107","442.04610680042","365.66742647135","370.4586855648","376.28270497451","380.1502327779","354.74119282775","291.438135331","273.449897611",
"237","[P]","    IPL.ORG","404.1778761965","310.3396698632","230.7068619299","345.2854231715","348.40554463817","356.90577989552","350.300959671","326.27076697176","206.88636737815","151.40660293","128.92709318153","162.74769146046","297.85232852958","240.29435828","272.389869277",
"238","[P]","    ILMAINENSANAKIRJA.FI","199.5356839367","233.9641825345","298.6129749635","296.1104580204","277.30363244849","304.99470407276","269.86483999893","263.0801683595","187.31741223","255.68692184784","284.04667251511","319.04751282804","321.73685316443","278.39113237","271.776737917",
"239","[P]","    FRENCH-LINGUISTICS.CO.UK","352.9892133622","306.1982485782","252.9942557431","300.9081417226","341.27722088914","427.12647171992","362.12105699993","278.26087855936","191.82623715755","126.96452173952","180.09619431991","317.16737463926","348.45519279159","293.252989256","269.895957327",
"240","[P]","    NCIKU.COM","4179.3889251579","1513.4553243043","1850.1825740574","624.1497493162","438.83343921254","481.63039451324","259.26349736221","345.1466772854","415.55531721185","348.91107995804","433.88492997466","348.64674605904","368.36022366993","332.614733424","267.021327855",
"241","[P]","    AMERICANRHETORIC.COM","202.1859653529","421.8539518454","150.8353887693","386.0273773151","318.05054864461","237.39998952268","175.20966021307","199.4997110672","179.69415478165","189.76226111224","184.38996355188","227.753613794","263.95728363166","234.041942063","264.085080057",
"242","[P]","    JURIS.DE","198.40837049","238.6346578671","271.3483969174","422.7765873111","395.49782012575","457.88992120404","434.72576999572","420.81298599166","214.57833433155","311.26196745792","478.65261103447","447.43092077838","364.28326178859","372.910512532","262.556920143",
"243","[P]","    GOGEN-ALLGUIDE.COM","164.7288111079","282.4761730769","265.1851994891","247.5052655116","337.93312223491","318.36500698068","294.40193999893","236.3616317211","276.37031345835","306.47386359304","251.59549948186","281.76192483056","264.97373324275","297.284091592","259.408504319",
"244","[P]","    STROYPORTAL.RU","240.2487612767","189.4026213464","466.1981821475","321.7675039689","320.01206489785","217.31637129392","309.18505999893","207.49939923108","184.56515479815","302.04302301888","252.2039848619","274.6090100511","280.79313263101","289.504767015","257.222111523",
"245","[P]","    BIYOGRAFI.INFO","N/A","N/A","N/A","N/A","281.57907822761","324.44407179832","254.17349368893","202.41143757552","117.60964806675","146.01356015792","133.95685688683","124.54370160782","226.27620999691","189.400274374","252.083431921",
"246","[P]","    NYPL.ORG","303.7265164319","379.2127784851","286.9562904733","399.0960885914","306.44619360719","335.88004376776","321.31372756586","304.93559838148","252.09952236995","198.39450922748","227.965149433","276.03678326874","341.96653694181","315.198265206","248.824530725",
"247","[P]","    KDD.CC","N/A","N/A","N/A","833.7872840132","675.14228632883","942.84006916072","799.28726000107","688.85839248424","294.90985012125","331.01634992192","380.88562613583","611.04395573392","425.26895640845","434.540954679","248.318624857",
"248","[P]","    YOURCHILDLEARNS.COM","229.063019306","198.0227560955","154.6949082458","246.1158597829","273.89269347192","237.52900033996","205.70273050307","198.72722722798","188.5942553955","151.08453217556","173.51427101186","283.46855715346","286.33170123595","196.638187638","246.727713223",
"249","[P]","    EYEWITNESSTOHISTORY.COM","206.4702981889","245.3802335733","257.5598541214","296.4429682512","316.83811632747","248.08570419748","207.737790459","238.96958610122","121.30531297645","104.30018292028","101.43002490754","203.87362391392","299.42261074105","268.891805439","245.772224315",
"250","[P]","    ALA.ORG","234.9606452047","264.0935171532","186.3938733383","254.7206659335","321.00714716482","327.10860201284","436.82359653114","300.3030068023","241.2900330636","184.30378015332","189.23323104814","296.22960140462","271.96593961332","244.849365246","244.466101291",
"251","[P]","    VICTORIANWEB.ORG","186.8625438962","167.9804646017","302.22175741","260.5560881295","264.9103333852","240.58745389068","374.96974002793","254.88503753772","142.5986004033","108.20768586088","91.40247665705","181.11474255046","230.23497690753","227.876665963","240.901895804",
"252","[P]","    FOREIGNWORD.COM","362.8312699953","323.0483762058","251.1955203443","313.2431895561","388.03250742088","346.83958797992","327.57059740028","262.2586389978","207.25972984865","254.39109331268","257.42475055121","355.33744579376","272.61303451555","250.995495515","237.313257693",
"253","[P]","    MOLWICK.COM","195.8780850967","170.2711409705","112.9448796422","138.6674960601","332.71847540491","344.19257162612","251.05270553923","298.18802707226","280.90763840835","145.50738387784","263.04130856322","344.13641355882","320.5492429162","308.60068888","235.815128992",
"254","[P]","    LIB.OH.US","264.6036914598","245.2156035297","284.2841871891","361.2671294935","303.8843489184","356.77805396592","257.107580275","353.87881958578","329.6596152982","229.49803016844","245.7710431788","242.46934326844","277.55414591467","265.595653435","235.083867712",
"255","[P]","    DICODUNET.COM","337.1490031679","355.3996709337","295.529354861","245.1460974864","281.06380453911","416.19762289464","356.80212672672","222.02445352108","265.480991519","209.58315733748","228.63378578649","201.15698971838","281.38421450547","220.387249937","235.042936576",
"256","[P]","    CUMMINGSSTUDYGUIDES.NET","131.2885675501","137.1879377216","110.4388534437","182.7197630889","275.63163034867","184.223420241","166.71250432607","198.25919449754","93.31040369595","45.24199403296","83.22207899314","154.86334308524","200.14922224558","208.093450124","226.885349341",
"257","[P]","    LABLAA.ORG","358.3542152508","319.3367864475","148.5416904051","146.5933368798","427.23857024184","607.71668161692","572.78061158786","684.76630251166","529.62351564485","494.94539285624","596.37365860373","606.4938275527","587.03743168854","485.6719667","223.975184736",
"258","[P]","    ESSAYTOWN.NET","152.501303042","182.3857818905","228.8744739624","219.553067954","313.13366854497","254.166786008","275.571805989","236.13422155078","141.4243796031","169.27019003312","182.48263085232","292.75411352528","357.8742387332","265.278866398","219.809678214",
"259","[P]","    PANTHEON.ORG","376.846949063","292.6425085718","259.4426016954","313.0209729336","382.35895162316","337.5047932132","367.52222833693","281.68460522206","225.5986372567","128.01599460216","162.37109781844","236.47021946184","283.42915061103","306.978079589","214.057827246",
"260","[P]","    VITALREC.COM","260.1329821624","245.426192","356.204271904","250.406125321","271.55179370525","273.014047322","244.099569156","245.2932223872","280.9127074124","254.728714313","223.595728975","202.80806238928","211.99566014131","191.337593943","213.958824725",
"261","[M]","    Ciao Sites (w/ history)","25338.0012502282","25989.1402831026","26133.8422101393","27658.1250683434","25504.2949586436","27028.0227656994","25933.8689161431","25088.523123714","1018.89036199115","506.33793656844","286.01504763599","320.13483455958","250.49128029997","277.039225007","212.538093939",
"262","[C]","    Virgilio Sapere","465.621207271","385.2999286741","338.3574701878","345.9241882389","374.52704412811","457.4764171422","333.80362000535","273.99209863904","203.13112807995","204.30863796824","146.13145611919","259.00310432108","299.51512963464","231.591247973","206.411310974",
"263","[P]","    QUOTELAND.COM","450.2765239371","342.1030478388","369.4448230983","379.2822767473","366.30486936611","362.784654919","187.097517294","260.341491825","131.93341234355","305.27030122592","216.47466454333","237.5281022935","225.09990297487","201.387872351","201.810090694",
"264","[P]","    DEFINICION.ORG","703.7933734272","609.526540721","359.4063103913","373.9551768473","564.28989327107","680.50692478356","614.67859157179","546.81419792142","468.715084815","304.87508962844","469.0483874567","499.0453581329","501.16648757986","365.390722805","199.522897118",
"265","[P]","    PRIVATESOZLUK.COM","N/A","N/A","N/A","N/A","282.87086345635","300.37355819568","180.98327667107","167.44263412924","130.2784710521","158.31650310808","121.92242426379","129.8869327979","152.86531858782","113.566128025","189.860896626",
"266","[M]","    POETRY.COM","816.1100168871","715.824428058","524.8243169395","495.1774614259","612.82170315991","443.84247785424","449.90521152307","406.56356761782","303.9406006136","310.5356494226","253.98021465121","195.10030329984","169.04764358776","221.450523664","182.245354426",
"267","[P]","    DUDEN-SUCHE.DE","228.9836616232","248.3655918579","237.6132976499","399.458600751","376.06140172346","324.32393130436","312.56885999893","260.85991865492","290.80814308875","243.01798563608","296.39416650924","313.67353327068","308.39901326084","283.750516851","181.865983441",
"268","[P]","    NOTAIRES.FR","194.0922444549","210.5412491149","137.2397742064","220.5830093839","290.66561062433","216.01900000108","341.40967672107","223.59761953314","146.8908359688","147.37089233664","253.70375321056","223.31953045138","215.87866975407","270.950073186","175.103316176",
"269","[P]","    TDK.ORG.TR","N/A","275.2269200504","194.0818091612","230.1430431899","408.44126094199","394.3241228268","261.79476","244.322071879","128.75333083825","177.03697401952","170.19455079158","103.51420032954","364.19563804263","326.674725426","174.136039325",
"270","[P]","    LUMINARIUM.ORG","167.4769162598","150.6946995184","132.0229785884","167.0011281277","300.98184379451","235.41736766668","194.93473566686","206.41310440436","125.09395357885","112.17854171324","71.49301181172","147.21273929762","211.42172264641","225.940233154","172.276441991",
"271","[P]","    OCLC.ORG","179.0046966032","173.2746289977","163.9741520059","220.5911927942","352.48728225744","365.04973425404","366.047111176","245.56483575956","182.7342060124","193.09523386328","131.09838654445","250.45523915624","262.12795112062","356.432296271","166.527530902",
"272","[P]","    ESSAYFINDER.COM","383.230650869","369.1703338657","251.5736983602","295.5075632118","319.12766638459","408.95937810004","409.65485556407","199.29446791352","118.7351542682","142.9028261306","56.44006623435","116.64991407402","118.64825559698","143.482462061","159.672434201",
"273","[P]","    THEOI.COM","223.2442304616","123.868370755","150.0961536483","204.2032597434","278.39003939221","233.37773682716","188.54635028593","126.23937671574","90.11676323655","100.25771488884","103.92073374643","157.01216164892","228.22466614354","233.830949655","159.55849711",
"274","[P]","    LKWDPL.ORG","99.1587862854","109.3127347729","106.5354616724","156.3705607125","352.41533576302","253.39137138608","163.17599250186","107.67833242208","83.95890115095","39.74432715596","68.7648876359","74.25082390992","91.38779522779","92.999503746","145.053646477",
"275","[P]","    LEARNENGLISH.ORG.UK","329.1390211499","397.661469485","231.1717361129","394.2258108842","415.07108543577","371.21015780136","153.40307212721","118.63111373846","122.33406871755","131.8167536852","167.0213658269","152.65974307666","182.25735836873","200.866251786","125.386404785",
"276","[P]","    PLANETADISSER.COM","680.7453965939","570.0242173593","708.4124346274","512.824381571","377.63033690221","357.83193415508","349.08356","293.37207329704","197.80947078565","58.54941603264","17.70922637186","115.77697712912","110.73718487676","105.887336301","125.122129796",
"277","[P]","    NEDIR.NET","N/A","244.9183337928","282.3443850977","237.2748994794","316.60559723459","281.96838918072","322.52469148107","264.97717266424","178.20271686015","172.24888685896","168.76238193877","177.88098125944","181.57399421496","89.22214688","100.763531503",
"278","[P]","    YAPPR.COM","272.011368689","369.9313841471","236.4875618025","338.3734229314","353.99166872189","267.19880141184","122.53496695749","89.80676178984","116.5746286621","122.21091098528","98.68472495358","117.24522873886","117.24145499492","90.362965825","88.214101153",
"279","[P]","    MORFIX.CO.IL","475.7670453735","571.736668283","617.5529516645","611.3525468691","624.53517163467","644.5020514298","598.59904387986","593.53805866582","583.41702085595","582.06948296096","606.09501465195","648.28121409478","657.38366567515","131.512139367","34.750886171",
"280","[P]","    EXPERTSFORGE.COM","N/A","N/A","63.006104042","115.9926939928","293.58317827183","139.53973573816","120.11819999786","64.18334933088","25.7294038695","15.107916382","14.33857267811","29.2114534679","23.91555904817","23.16719457","24.725717581",
"281","[P]","    GROUNDHOG.ORG","0.25547772","12.527796878","2.41902624","58.234328746","385.65925217195","5.65233001","2.15989441","2.0067568164","3.80650016","7.715065407","11.404832927","3.169729435","10.77095340756","5.334458021","10.868962854",
"282","[P]","    WEBNARY.COM","493.2492461546","593.6990061991","232.0075445735","214.9927070092","330.31522280951","447.94124588064","691.62771000435","403.92187345034","388.03046332915","492.551915169","437.45226798354","251.27680564838","281.99682748513","83.39997631","3.946516896",
"283","[C]","    Abacho Translator","584.7284158815","710.0399235655","585.9973244324","610.2498616093","596.32940315051","685.37645007872","560.11718","533.69439748814","426.9362866557","371.3527914356","28.54789343891","5.28472989684","N/A","N/A","0.947373547",
"284","[P]","    EDU-ZONE.NET","718.1810069511","939.6529674653","810.1751057642","371.7218911956","362.68774098773","37.26752076684","0.47400999893","N/A","N/A","N/A","N/A","N/A","5.09661954768","6.67206977","0.935799425",
"285","[C]","    Lycos Europe Lycos iQ","3880.6120223319","3798.2417224314","3326.7667305678","3357.8488284695","3517.441389254","3819.66483470976","3518.81742906256","3632.90541757514","3390.269810494","3687.03421214836","3857.30263398865","4461.73165369134","4047.86313049833","N/A","N/A",
"Media Metrix 2.0 Legend","","","","","","",
"[P]         Property","","","","","","",
"[M]         Media Title","","","","","","",
"[C]         Channel","","","","","","",
"[S]         Subchannel","","","","","","",
"[G]         Group","","","","","","",
"[SG]         Subgroup","","","","","","",
"[E]         Custom Entity","","","","","","",
"[N]         Ad Network","","","","","","",
"[A#]         Alternate Rollup","","","","","","",
"[X1]         Extended Network","","","","","","",
"(H)         Full Hybrid - Used to identify entities that are measured and reported completely based on Panel-Centric Hybrid (Panel + Census) measurement.","","","","","","",
"(h)         Partial Hybrid - Used to identify entities with at least one child entity that is Full Hybrid, but not all.","","","","","","",
"w/History         Trend combines media previously reported under different parent and/or different level.","","","","","","",
"*         Indicates that the entity has assigned traffic to certain pages in the domain to other entities","","","","","","",
"**         Indicates that the entity is an advertising network.","","","","","","",
"(v)         Indicates that the advertising network has been verified by comScore.","","","","","","",
"...         Indicates data used fell below minimum reporting standards and/or data not available.","","","","","","",
"N/A         Indicates data is not available in the data set for reporting for the specified time period.","","","","","","",
"#         Caution - small base may result in unstable projection.","","","","","","",
"##         Directional purposes only - base too unstable for reliable projection.","","","","","","",
" ","","","","","","",
"Details on minimum reporting standards are located at: http://mymetrix.comscore.com/mmx/definitions_minreportingstandards.asp","","","","","","",

